mpi,omp,Pair,Neigh,Comm,Output,Modify,Other
1,1,1.2364,0.22369000000000003,0.011910333333333334,0.00013093333333333334,0.01972,0.0008754666666666667
2,1,0.6252833333333333,0.11550666666666669,0.016426,0.00010522066666666668,0.010629333333333333,0.0005095666666666667
4,1,0.31607,0.05894966666666666,0.06760666666666666,0.00026879333333333335,0.0059329000000000005,0.00029813333333333333
8,1,0.16454666666666665,0.030973666666666667,0.11175800000000001,0.00036182000000000006,0.0034144,0.00021763333333333333
16,1,0.083687,0.016044666666666665,0.14387999999999998,0.00055285,0.0020647333333333336,0.00018869999999999998
30,1,0.044387,0.008510533333333332,0.12544666666666668,0.0007558033333333334,0.0013411666666666667,0.0002019
