mpi,omp,Pair,Neigh,Comm,Output,Modify,Other
1,1,1.2368666666666666,0.22328,0.011465999999999999,0.00013463666666666666,0.019708,0.0008757666666666667
1,2,0.6423366666666667,0.11622,0.024637666666666665,0.0001274,0.040673999999999995,0.00046973333333333333
1,4,0.34752,0.062301666666666665,0.037096333333333335,0.00013198666666666667,0.053524999999999996,0.0003066333333333333
1,8,0.1996,0.034951333333333334,0.04295733333333333,0.00013215000000000001,0.05848,0.00022623333333333332
1,16,0.14790333333333336,0.021026666666666666,0.042515,0.00013699,0.08410433333333334,0.0001960666666666667